B256	-	-	2723942	2855901	G>T	M
F2561	Page67	rs35852845	17678803	15566923	G>A	M
FGC38729	-	-	7301988	7433947	C>T	M
FGC5054	-	-	18604959	16493079	G>A	M
FGC9126	-	rs113012723	15888442	13776562	G>A	M
M10072	-	rs566812523	18192531	16080651	G>A	M
M106	-	rs2032611	21866424	19704538	A>G	M
M177	SRY9138	rs369688174	2658869	2790828	G>A	M
M186	-	rs2032681	14923461	12811526	delG	M
M189	-	rs2032606	14945705	12833779	G>T	M
M230	-	rs9341277	15481372	13369492	T>A	M
M254	-	rs9341297	15022763..15022764	12910852..12910853	AG>TACTATGTTTACTATGATGC	M
M353	-	rs377239181	17309267	15197387	G>A	M
M5	P73	rs3896	21609946	19448060	C>T	M
P117	-	-	14819693	12707760	G>T	M
P118	-	-	15019806	12907895	delC	M
P202	-	rs369616152	14001024	11880318	T>A	M
P256	-	-	8685230	8817189	G>A	M
P308	-	-	15409573	13297693	C>T	M
P315	-	-	6740065	6872024	C>A	M
P336	-	rs13304043	9004921	9167312	G>A	M
P34	-	-	23667187;23690727;24046710;24567083;24567120	21505301;21528841;21900563;22420936;22420973	G>A	M
P377	-	-	5847373	5979332	A>G	M
P378	-	-	4093081	4225040	C>T	M
P397	-	-	28759645	26613498	C>T	M
P399	-	-	13563083	11407407	C>T	M
P405	F3744	rs566569730	8391108	8523067	G>T	M
P60	-	-	14484471	12363740	T>C	M
P79	-	rs374630929	6740377	6872336	T>C	M
P87	-	-	15019719	12907808	A>C	M
Page93	S322	rs34486382	15481435	13369555	C>T	M
PR2099	-	rs369017623	16328755	14216875	C>T	M
rs2381324	-	rs2381324	28737364	26591217	G>A	M
rs368228091	-	rs368228091	21612650	19450764	G>A	M
rs368587345	-	rs368587345	13938612	11817906	C>T	M
rs370756633	-	rs370756633	17800094	15688214	T>G	M
rs370759530	-	rs370759530	7389972	7521931	G>A	M
rs372737012	-	rs372737012	7982583	8114542	G>T	M
rs377052367	-	rs377052367	8599643	8731602	A>G	M
SK1806	-	-	8535703	8667662	C>T	M
SK1822	-	-	16404029	14292149	A>G	M
SK1824	-	-	19287466	17175586	C>A	M
SK1877	-	-	8545089	8677048	C>T	M
SK1882	-	-	18110438	15998558	C>T	M
Z30835	-	-	16324762	14212882	C>A	M
Z31007	-	-	15576350	13464470	G>T	M
Z33118	AM00651	rs368850080	15994105	13882225	G>A	M
Z33330	-	-	16960342	14848462	C>T	M
Z33345	-	-	21284118	19122232	C>T	M
L405	PF5990	rs9786602	28731917	26585770	A>C	MP
P331	M1221;PF5911;YSC0000186	rs9785994	16222561	14110681	C>T	MP
F1154	-	-	8381313	8513272	T>C	N
F1206	-	-	8440417	8572376	C>T	N
F2569	-	-	17703598	15591718	A>G	N
F2905	-	-	18954139	16842259	G>C	N
F2930	M3285;CTS1879	-	14108344	11987638	G>A	N
F3163	-	-	21231863	19069977	G>A	N
F4201	-	-	16256046	14144166	C>A	N
F830	M1787	rs556177853	6801568	6933527	T>C	N
L1025	-	-	14126006	12005300	G>A	N
L1026	Z1973	-	21892577..21892578	19730691..19730692	delTA	N
L1034	-	-	21646398	19484512	G>C	N
L392	-	-	6753265	6885224	A>C	N
L550	S431	-	21286248	19124362	C>T	N
L666	F1008	-	7570816	7702775	G>A	N
L708	Z1951	-	7629512	7761471	C>A	N
L729	-	rs371086975	19431608	17319728	A>C	N
L735	M2291;CTS11499	rs570674159	23139617	20977731	G>T	N
L839	F4325	-	22974783	20812897	A>G	N
M178	-	rs377214926	21741755	19579869	C>T	N
M231	Page91	rs9341278	15469724	13357844	G>A	N
M2783	-	-	9850683	10013074	A>G	N
M46	Tat;Page70	rs34442126	14922583	12810648	T>C	N
P105	-	-	15422962	13311082	C>T	N
P43	-	-	21880973	19719087	G>A	N
P63	-	-	21843827..21843828	19681941..19681942	insC	N
VL25	-	-	13525150	11369474	C>T	N
VL29	CTS2929	-	14570424	12458624	T>C	N
Y6503	FGC28528	-	23592250	21430364	C>T	N
Z1925	-	-	7246954	7378913	delA	N
Z1935	-	-	19219721	17107841	A>G	N
Z1936	-	-	21463326	19301440	C>T	N
Z1941	-	-	8557714	8689673	T>G	N
Z4762	-	-	3821237	3953196	A>C	N
M214	Page39	rs2032674	15471925	13360045	T>C	NO
CTS713	-	-	6969538	7101497	A>G	O
F11	KL4	rs17276393	2815303	2947262	C>G	O
F1252	-	-	8492876	8624835	C>T	O
F1462	-	-	8910408	9042367	T>C	O
F444	-	-	17880466	15768586	C>T	O
F449	-	-	17917402	15805522	G>A	O
F75	M1297;AM00538	-	7410009	7541968	T>C	O
F789	M1283	rs375155527	6629330	6761289	T>A	O
F964	-	-	7421428	7553387	C>T	O
JST002611	-	rs2075181	7546726	7678685	C>T	O
K4	-	rs201422097	21314376	19152490	C>T	O
K7	-	-	8239237	8371196	C>A	O
KL1	L465	rs17276338	18842841	16730961	G>T	O
M110	-	rs373112617	21907097	19745211	T>C	O
M117	-	-	21765312..21765315	19603426..19603429	delAGAT	O
M119	-	rs72613040	21762685	19600799	T>G	O
M122	-	rs78149062	21764674	19602788	A>G	O
M133	-	-	21716327	19554441	delT	O
M134	-	rs200634940	21716218	19554332	delC	O
M175	-	rs2032678	15508706..15508710	13396826..13396830	delTTCTC	O
M176	SRY465;Page63	rs11575897	2655180	2787139	G>A	O
M188	-	rs2032605	14924869	12812934	C>T	O
M268	-	rs13447443	22739301	20577415	A>G	O
M324	-	rs13447361	2821786	2953745	G>C	O
M50	-	rs2032632	21868672	19706786	T>C	O
M7	-	rs3898	4078217	4210176	C>G	O
M95	-	rs2032650	21938444	19776558	C>T	O
N6	AM01828	rs3212283	21889536	19727650	G>A	O
P164	-	rs17316007	14001232	11880526	A>G	O
P186	-	rs16981290	7568568	7700527	C>A	O
P197	-	rs17276358	19179463	17067583	G>T	O
P200	-	rs17316592	18560005	16448125	T>G	O
P201	JST021354	rs2267801	2828196	2960155	T>C	O
P31	-	rs200861659	14495243	12383440	T>C	O
P49	-	rs200786729	14496407	12384612	A>T	O
Page23	-	rs34893929	15999244	13887364	G>A	O
PK4	-	rs367562925	21285962	19124076	A>T	O
P295	PF5866;S8	rs895530	7963031	8094990	T>G	P
CTS11969	M930	-	23391298	21229412	T>G	Q
CTS11970	M931	-	23391307	21229421	G>C	Q
F1096	-	-	8087573	8219532	A>T	Q
F1215	-	-	8454150	8586109	A>C	Q
F1251	-	-	8491335	8623294	T>G	Q
F3243	-	-	21723218	19561332	T>C	Q
L191	-	-	2887379	3019338	delA	Q
L232	S432	-	17516095	15404215	G>A	Q
L245	-	-	5675090	5807049	C>G	Q
L275	-	-	19136888	17025008	G>A	Q
L314	-	-	15587574	13475694	A>C	Q
L330	-	-	17766807	15654927	T>C	Q
L334	-	-	14482079	12361348	G>A	Q
L472	F903	rs35724598	7014317	7146276	G>C	Q
L527	-	-	17661303	15549423	C>A	Q
L529	-	-	6931700	7063659	A>G	Q
L53	S326	rs34724285	21642296	19480410	G>A	Q
L54	-	rs34954951	23292782	21130896	G>A	Q
L56	S324	rs34703625	8148869	8280828	G>A	Q
L57	-	rs34864948	15574102	13462222	G>A	Q
L804	-	-	14028228	11907522	T>A	Q
L805	-	-	16699291	14587411	A>G	Q
L940	F835	-	6846280	6978239	C>G	Q
M120	-	rs374472129	21907394	19745508	T>C	Q
M143	-	rs376134474	21889818	19727932	G>T	Q
M19	-	rs3910	21733231	19571345	T>A	Q
M242	-	rs8179021	15018582	12906671	C>T	Q
M25	-	rs371369701	21866664	19704778	G>C	Q
M3	-	rs3894	19096363	16984483	G>A	Q
M346	-	-	2887156	3019115	C>G	Q
M378	Page100	rs72625304	15027507	12915595	A>G	Q
M557	-	-	15014658..15014660	12902746..12902748	delTAC	Q
MEH2	-	rs4252209	4925637	5057596	G>T	Q
MG2	-	-	14998418	12886503	T>C	Q
NWT01	F746	-	2888083	3020042	C>G	Q
P36	-	-	14496441	12384646	G>T	Q
SA01	-	-	15014716	12902804	C>T	Q
Z780	M971	-	8510540	8642499	C>T	Q
M45	PF5962	rs2032631	21867787	19705901	G>A	QR
M74	N12;PF5963	rs2032635	21889767	19727881	G>A	QR
CTS11962	-	-	23383729	21221843	C>T	R
CTS1211	S3357	-	7271722	7403681	C>A	R
CTS3402	S3361	-	14896020	12784086	A>G	R
CTS4065	Z2355;S1221	rs199595814	15372323	13260443	A>C	R
CTS4385	Z2463	-	15625999	13514119	A>T	R
CTS6	Z2469;S3403	-	2657349	2789308	T>C	R
DF13	S521;CTS241	rs373989227	2836431	2968390	A>C	R
DF17	S455;AM00499	-	6631746	6763705	T>G	R
DF19	S232	-	14301499	12180793	G>T	R
DF21	S192	rs138322855	9878915	10041306	C>T	R
DF23	S193	-	17774409	15662529	G>A	R
DF27	S250	-	21380200	19218314	G>A	R
DF41	S524;CTS6581	rs372620228	16992602	14880722	T>C	R
DF49	S474;AM01922	-	22735599	20573713	G>A	R
DF63	S522;CTS300	-	2883986	3015945	T>C	R
DF99	Z6001;S11987	-	8829491	8961450	C>A	R
FGC396	YFS036858	-	6997451	7129410	C>T	R
L11	S127;PF6539	rs9786076	17844018	15732138	T>C	R
L1335	S530	-	23154201	20992315	A>G	R
L2	S139	rs2566671	5755550	5887509	C>T	R
L20	S144	rs7067305	14231292	12110586	G>A	R
L23	S141;PF6534	rs9785971	6753511	6885470	G>A	R
L238	S182	rs35199432	21253443	19091557	A>G	R
L260	S222	-	18248830	16136950	G>T	R
L295	-	rs368558585	4929885	5061844	G>A	R
L365	S468	-	21628667	19466781	T>C	R
L389	PF6531	rs1358368	28733101	26586954	C>G	R
L448	S200	-	6931809	7063768	C>T	R
L47	S170	rs34283263	22178569	20016683	G>A	R
L48	S162	rs13303755	23612197	21450311	G>T	R
L513	DF1;S215	-	7340450	7472409	C>T	R
L52	PF6541	rs13304168	14641193	12529262	C>T	R
L657	S347	-	14159864	12039158	G>A	R
L754	PF6269;YSC0000022	rs7893073	22889018	20727132	G>A	R
L757	-	rs9786111	19054889	16943009	C>T	R
M124	-	rs372706460	21764501	19602615	G>A	R
M17	-	rs3908	21733168	19571282	delG	R
M173	P241;Page29	rs2032624	15026424	12914512	A>C	R
M198	PF6238	rs2020857	15030752	12918840	C>T	R
M207	UTY2;Page37	rs2032658	15581983	13470103	A>G	R
M222	USP9Y+3636;Page84	rs20321	14902414	12790481	G>A	R
M269	-	rs9786153	22739367	20577481	T>C	R
M306	S1;PF6147	rs1558843	22750583	20588697	C>A	R
M343	PF6242	rs9786184	2887824	3019783	C>A	R
M412	L51;S167;PF6536	rs9786140	8502236	8634195	G>A	R
M415	PF6251	rs9786194	9170545	9332936	C>A	R
M417	-	rs17316771	8533735	8665694	G>A	R
M420	L146;PF6229	rs17250535	23473201	21311315	T>A	R
M448	L122;PF6237	rs17222202	16520444	14408564	T>A	R
M458	PF6241	rs375323198	24366464	22220317	A>G	R
M478	-	-	23444054	21282168	T>C	R
M479	PF6107	rs372157627	20834667	18672781	C>T	R
M520	PF6410	rs9786486	4446430	4578389	T>A	R
M529	L21;S145	rs11799226	15654428	13542548	C>G	R
M558	CTS3607;S3363	-	15063588	12951680	T>C	R
M582	CTS2253;Z2474	-	14236070	12115364	T>G	R
M73	-	rs2032634	21888874..21888875	19726988..19726989	delGT	R
M780	Y26;AM00483	rs548818011	21610995	19449109	C>T	R
P297	PF6398	rs9785702	18656508	16544628	G>C	R
P310	S129;PF6546	rs9786283	18907236	16795356	A>C	R
P311	S128;PF6545	rs9785659	18248698	16136818	A>G	R
P312	S116;PF6547	rs34276300	22157311	19995425	C>A	R
P314	S220	rs368505307	2888672	3020631	T>C	R
PF7545	-	-	15446956	13335076	A>C	R
PH1165	-	-	14338481	12217776	C>T	R
S11345	-	-	8362542	8494501	G>A	R
S2863	-	-	16614118	14502238	C>G	R
S2894	-	-	17803051	15691171	G>T	R
S3058	FGC3188	-	15683936	13572056	T>C	R
S3485	CTS6059	-	16643901	14532021	G>A	R
S47	-	-	14515040	12403245	C>T	R
U106	M405;S21	rs16981293	8796078	8928037	C>T	R
U152	S28;PF6570	rs1236440	15333149	13221267	C>T	R
U198	M467;S29	rs17222279	16839499	14727619	G>A	R
V88	PF6279	rs180946844	4862861	4994820	C>T	R
Y1280	-	-	4625712	4757671	A>G	R
Y1285	-	-	7536663	7668622	A>C	R
Y1332	-	-	14301872	12181166	C>A	R
Y1336	-	-	24358540	22212393	A>G	R
Y3550	FGC11134	-	21383466	19221580	T>A	R
Y4	-	-	15808526	13696646	C>A	R
Y40	-	-	21577643	19415757	C>T	R
Y7771	-	-	7366284	7498243	G>T	R
Y9	AM00481	-	19383352	17271472	C>A	R
Z142	S211	-	16787539	14675659	A>G	R
Z144	-	-	14544130	12432331	T>G	R
Z145	PF6578;S371	-	16454755	14342875	G>T	R
Z146	S483;PF6584	-	23627289	21465403	C>T	R
Z156	S264	-	15780341	13668461	A>G	R
Z18	S493;YSC0000053	-	14991735	12879820	G>A	R
Z192	-	-	28688760	26542613	T>C	R
Z195	S227	-	17922066	15810186	G>A	R
Z196	S355	-	21033704..21033705	18871818..18871819	delAT	R
Z198	S228;AM01891	-	16593834	14481954	G>T	R
Z209	S230	-	15508140	13396260	T>G	R
Z2103	CTS1078	-	7186135	7318094	G>C	R
Z2105	-	-	15747432	13635552	C>A	R
Z2122	S4576;AM00477	-	14477397	12356666	G>A	R
Z2124	-	-	4521678	4653637	C>G	R
Z2125	-	rs570569843	6892233	7024192	C>T	R
Z214	S348	rs529210236	21827794	19665908	A>C	R
Z216	-	-	18021350	15909470	C>T	R
Z220	S356	rs538725564	16310705	14198825	G>A	R
Z225	S225;F1343;V2334	-	8603396	8735355	A>G	R
Z229	S359;V2059	-	8469661	8601620	G>A	R
Z246	S280	-	7061380	7193339	T>G	R
Z249	S279	-	5818205	5950164	T>C	R
Z251	S470	-	8736334	8868293	G>A	R
Z253	S218	-	7193034	7324993	G>A	R
Z2534	S868	-	19033817	16921937	T>C	R
Z2542	CTS8221	rs138975640	17885577	15773697	C>T	R
Z255	S219	-	15702775	13590895	T>C	R
Z2552	-	-	4217182	4349141	C>T	R
Z2557	FGC20747	-	13829071	11708365	C>A	R
Z2560	-	-	21392475	19230589	C>T	R
Z262	AM01890	-	16320197	14208317	C>T	R
Z272	-	-	22440376	20278490	G>A	R
Z274	S229	-	22293941	20132055	C>G	R
Z283	S339;PF6217	rs112309702	21976303	19814417	T>A	R
Z284	S221	-	8717196	8849155	C>G	R
Z287	S223	-	17293093	15181213	C>T	R
Z288	S345	-	18175765	16063885	G>C	R
Z2961	-	-	7855252	7987211	C>T	R
Z30	S271	-	22971392	20809506	C>G	R
Z301	S499	rs79683764	14181107	12060401	C>T	R
Z31644	FGC40707	-	25302830	23156683	A>G	R
Z331	S1743	-	17375104	15263224	C>T	R
Z34	S368	-	18405864	16293984	T>C	R
Z34609	-	-	27929277	25783130	A>C	R
Z36	S206	-	4961118	5093077	A>G	R
Z367	S255	rs7067387	9810794	9973185	T>C	R
Z381	S263	rs34001725	7246726	7378685	C>T	R
Z49	-	-	28462237	26316090	G>T	R
Z56	PF6601	-	18848155	16736275	G>A	R
Z645	S224;PF6162	rs111731595	8245045	8377004	C>T	R
Z647	S441;PF6158	rs112284571	7683058	7815017	G>A	R
Z8057	FGC3854;AM01882	rs747447655	15850306	13738426	G>C	R
Z9	S268	-	6788390	6920349	C>T	R
Z91	S204	rs111908460	16474793	14362913	G>A	R
Z92	S205	rs111474733	17585001	15473121	C>G	R
Z93	S202;F992	-	7552356	7684315	G>A	R
Z94	F3105;S340	-	21043448	18881562	T>C	R
Z95	F3568	-	23956870	21810723	C>T	R
L131	-	rs2215828	19372808	17260928	C>T	T
L162	Page21	rs34179999	16019072	13907192	G>C	T
L208	Page2	rs35815655	6736443	6868402	C>T	T
M184	USP9Y+3178;Page34	rs20320	14898163	12786229	G>A	T
M70	Page46;PF5662	rs2032672	21893881	19731995	A>C	T
Y11151	FGC1350	-	7857464	7989423	C>G	T
Z709	-	-	6890722	7022681	T>C	T
F549	M2335;S22380	-	19513070	17401190	C>T	X
F650	M2346	rs72615053	23617006	21455120	G>A	X
M2308	Z4842	-	7690182	7822141	A>T	X

